City_ID,City,Country,Date,Lat,Lng,Max Temp,Humidity,Cloudiness,Wind Speed
0,Okhotsk,RU,2022-07-20 20:25:05,59.3833,143.3,58.87,94,100,3.38
1,Hobart,AU,2022-07-20 20:20:07,-42.8794,147.3294,35.06,94,0,8.05
2,Cherskiy,RU,2022-07-20 20:25:06,68.75,161.3,40.3,72,26,12.95
3,Tindivanam,IN,2022-07-20 20:25:06,12.25,79.65,80.76,77,17,3.4
4,Chunhuhub,MX,2022-07-20 20:25:07,19.55,-88.6833,96.87,34,49,7.56
5,Kodiak,US,2022-07-20 20:22:44,57.79,-152.4072,54.91,76,0,5.75
6,Westport,US,2022-07-20 20:25:08,41.1415,-73.3579,98.89,47,0,10.36
7,Klaksvik,FO,2022-07-20 20:25:08,62.2266,-6.589,49.12,91,98,18.54
8,Arraial Do Cabo,BR,2022-07-20 20:23:03,-22.9661,-42.0278,73.26,78,20,8.05
9,Galesong,ID,2022-07-20 20:25:09,-5.3166,119.3661,73.42,85,12,5.3
10,Ushuaia,AR,2022-07-20 20:25:09,-54.8,-68.3,33.42,93,100,21.85
11,Torbay,CA,2022-07-20 20:25:10,47.6666,-52.7314,71.58,76,75,20.71
12,Surt,LY,2022-07-20 20:25:10,31.2089,16.5887,80.26,67,0,11.03
13,Alberton,CA,2022-07-20 20:25:11,46.8168,-64.0654,77.13,63,8,16.33
14,Luwingu,ZM,2022-07-20 20:25:11,-10.2621,29.9271,66.88,43,87,6.82
15,Narasannapeta,IN,2022-07-20 20:25:12,18.4167,84.05,82.26,84,100,4.74
16,Albany,US,2022-07-20 20:22:46,42.6001,-73.9662,95.77,44,46,1.59
17,Ende,ID,2022-07-20 20:25:12,-8.8432,121.6623,72.82,85,85,0.49
18,Victoria,HK,2022-07-20 20:21:12,22.2855,114.1577,86.32,86,19,5.99
19,Husavik,IS,2022-07-20 20:25:13,66.0449,-17.3389,46.04,87,100,7.0
20,Hithadhoo,MV,2022-07-20 20:25:14,-0.6,73.0833,80.64,69,100,1.43
21,Upernavik,GL,2022-07-20 20:24:05,72.7868,-56.1549,48.2,70,73,9.91
22,Nadapuram,IN,2022-07-20 20:25:15,11.7,75.6667,76.41,93,100,5.26
23,Vila Velha,BR,2022-07-20 20:25:15,-20.3297,-40.2925,73.94,77,0,9.22
24,Rikitea,PF,2022-07-20 20:25:16,-23.1203,-134.9692,73.36,75,0,2.04
25,East London,ZA,2022-07-20 20:25:16,-33.0153,27.9116,62.58,82,93,4.83
26,Evreux,FR,2022-07-20 20:25:17,49.0241,1.1508,70.92,68,75,4.61
27,Bredasdorp,ZA,2022-07-20 20:24:14,-34.5322,20.0403,46.6,86,1,5.19
28,Barrow,US,2022-07-20 20:25:17,71.2906,-156.7887,51.82,66,100,10.36
29,Jamestown,US,2022-07-20 20:25:18,42.097,-79.2353,89.19,52,40,17.27
30,Hermanus,ZA,2022-07-20 20:25:18,-34.4187,19.2345,43.81,68,1,4.41
31,Rocha,UY,2022-07-20 20:25:19,-34.4833,-54.3333,59.63,80,1,9.62
32,Bluff,NZ,2022-07-20 20:25:20,-46.6,168.3333,39.79,65,100,7.16
33,Hailar,CN,2022-07-20 20:25:20,49.2,119.7,64.13,69,12,2.8
34,College,US,2022-07-20 20:25:21,64.8569,-147.8028,64.08,64,75,9.22
35,Constitucion,CL,2022-07-20 20:22:44,-35.3333,-72.4167,57.38,77,7,12.1
36,Codrington,AU,2022-07-20 20:25:21,-38.2667,141.9667,37.89,85,0,8.81
37,Nieuw Amsterdam,SR,2022-07-20 20:25:22,5.8833,-55.0833,86.02,75,20,6.91
38,Sao Filipe,CV,2022-07-20 20:25:22,14.8961,-24.4956,76.53,88,83,5.06
39,Mataura,NZ,2022-07-20 20:25:23,-46.1927,168.8643,39.47,92,100,1.95
40,Kaohsiung,TW,2022-07-20 20:25:23,22.6163,120.3133,85.95,83,40,3.44
41,Uberlandia,BR,2022-07-20 20:25:24,-18.9186,-48.2772,79.81,27,0,10.36
42,Punta Arenas,CL,2022-07-20 20:23:16,-53.15,-70.9167,35.62,80,75,24.16
43,Turukhansk,RU,2022-07-20 20:25:37,65.8167,87.9833,48.54,95,100,8.28
44,Norman Wells,CA,2022-07-20 20:26:25,65.282,-126.8329,73.44,38,20,4.61
45,Bandarbeyla,SO,2022-07-20 20:26:25,9.4942,50.8122,74.61,84,99,27.13
46,Nikolskoye,RU,2022-07-20 20:26:26,59.7035,30.7861,69.87,62,100,10.38
47,Yulara,AU,2022-07-20 20:26:26,-25.2406,130.9889,45.61,50,6,10.89
48,Thinadhoo,MV,2022-07-20 20:26:26,0.5333,72.9333,81.09,74,100,10.2
49,Contai,IN,2022-07-20 20:26:27,21.7786,87.7536,83.39,81,100,8.88
50,Jinka,ET,2022-07-20 20:26:27,5.65,36.65,66.96,62,99,2.17
51,Ha Giang,VN,2022-07-20 20:26:28,22.8333,104.9833,76.73,99,100,0.49
52,Kenai,US,2022-07-20 20:26:28,60.5544,-151.2583,59.09,82,100,9.22
53,Belmonte,BR,2022-07-20 20:26:29,-15.8631,-38.8828,74.28,74,3,9.62
54,Carnarvon,AU,2022-07-20 20:26:29,-24.8667,113.6333,70.56,78,0,15.64
55,Busselton,AU,2022-07-20 20:26:30,-33.65,115.3333,55.51,95,100,15.79
56,Tyukhtet,RU,2022-07-20 20:26:30,56.5389,89.3011,51.33,97,13,5.35
57,Saint-Philippe,RE,2022-07-20 20:21:45,-21.3585,55.7679,67.59,79,42,14.52
58,Rudnya,RU,2022-07-20 20:26:31,54.947,31.0934,61.29,54,97,14.61
59,Avarua,CK,2022-07-20 20:26:31,-21.2078,-159.775,73.45,68,75,16.11
60,Provideniya,RU,2022-07-20 20:24:15,64.3833,-173.3,46.51,76,75,25.01
61,Kahului,US,2022-07-20 20:26:32,20.8947,-156.47,80.96,78,40,20.71
62,Joshimath,IN,2022-07-20 20:26:32,30.5667,79.5667,71.58,94,100,1.16
63,Port Elizabeth,ZA,2022-07-20 20:26:33,-33.918,25.5701,57.09,95,75,6.91
64,Castro,BR,2022-07-20 20:24:26,-24.7911,-50.0119,67.8,73,3,3.87
65,Yinchuan,CN,2022-07-20 20:26:33,38.4681,106.2731,73.87,42,52,4.23
66,Ponta Do Sol,PT,2022-07-20 20:26:34,32.6667,-17.1,73.71,81,4,5.95
67,Vaini,TO,2022-07-20 20:24:04,-21.2,-175.2,73.56,88,20,8.05
68,Kot Addu,PK,2022-07-20 20:26:34,30.4692,70.9671,97.81,45,6,19.01
69,Hilo,US,2022-07-20 20:22:50,19.7297,-155.09,83.28,90,100,6.91
70,Cayenne,GF,2022-07-20 20:26:35,4.9333,-52.3333,86.04,1,40,11.5
71,Pisco,PE,2022-07-20 20:26:36,-13.7,-76.2167,61.02,88,100,6.91
72,San Ramon,US,2022-07-20 20:26:36,37.7799,-121.978,92.95,41,0,9.22
73,Znamenskoye,RU,2022-07-20 20:26:37,57.1281,73.8282,60.4,99,100,3.4
74,Hami,CN,2022-07-20 20:23:06,42.8,93.45,64.4,60,6,2.17
75,Cape Town,ZA,2022-07-20 20:26:38,-33.9258,18.4232,53.11,65,0,3.44
76,Butaritari,KI,2022-07-20 20:22:48,3.0707,172.7902,81.28,79,45,9.66
77,La Ronge,CA,2022-07-20 20:26:38,55.1001,-105.2842,70.05,43,75,20.71
78,Krasnovishersk,RU,2022-07-20 20:26:39,60.4078,57.082,55.2,95,71,2.15
79,Americus,US,2022-07-20 20:26:39,32.0724,-84.2327,95.13,43,40,8.05
80,Khatanga,RU,2022-07-20 20:26:40,71.9667,102.5,45.64,65,100,21.32
81,Ruidoso,US,2022-07-20 20:26:40,33.3317,-105.673,92.97,22,0,10.36
82,Kjollefjord,NO,2022-07-20 20:26:41,70.9457,27.3465,53.42,94,0,0.0
83,Malanje,AO,2022-07-20 20:25:37,-9.5402,16.341,70.83,32,7,0.94
84,Rubiera,IT,2022-07-20 20:26:41,44.6541,10.7787,89.49,42,0,7.27
85,Half Moon Bay,US,2022-07-20 20:26:42,37.4636,-122.4286,81.88,66,0,18.41
86,Bathsheba,BB,2022-07-20 20:26:42,13.2167,-59.5167,86.61,94,40,17.27
87,Alofi,NU,2022-07-20 20:26:43,-19.0595,-169.9187,75.09,78,75,11.5
88,Souillac,MU,2022-07-20 20:24:25,-20.5167,57.5167,68.38,73,75,12.66
89,San Andres,CO,2022-07-20 20:26:43,12.5847,-81.7006,86.02,70,75,13.8
90,Xingyi,CN,2022-07-20 20:26:44,24.1877,102.817,61.56,97,100,2.08
91,Prieska,ZA,2022-07-20 20:26:44,-29.6641,22.7474,56.8,45,3,7.07
92,Yar-Sale,RU,2022-07-20 20:27:45,66.8333,70.8333,50.99,76,4,11.05
93,Puerto Ayora,EC,2022-07-20 20:27:45,-0.7393,-90.3518,80.56,98,88,7.0
94,Mar Del Plata,AR,2022-07-20 20:25:59,-38.0023,-57.5575,63.95,53,0,16.11
95,Bethel,US,2022-07-20 20:27:46,41.3712,-73.414,97.63,50,20,8.05
96,Kaitangata,NZ,2022-07-20 20:27:46,-46.2817,169.8464,40.91,83,100,6.42
97,Saskylakh,RU,2022-07-20 20:27:47,71.9167,114.0833,38.19,85,60,12.64
98,Yellowknife,CA,2022-07-20 20:24:05,62.456,-114.3525,66.72,52,75,16.11
99,Dwarka,IN,2022-07-20 20:27:48,22.2394,68.9678,81.86,83,99,17.05
100,Mount Gambier,AU,2022-07-20 20:23:03,-37.8333,140.7667,38.68,86,1,5.44
101,Cabo San Lucas,MX,2022-07-20 20:27:48,22.8909,-109.9124,97.61,49,20,11.5
102,Port Alfred,ZA,2022-07-20 20:27:49,-33.5906,26.891,56.17,97,100,1.01
103,Airai,TL,2022-07-20 20:27:49,-8.9266,125.4092,56.7,94,84,3.53
104,Kuala Terengganu,MY,2022-07-20 20:27:50,5.3302,103.1408,78.75,94,40,2.3
105,Zhigansk,RU,2022-07-20 20:27:50,66.7697,123.3711,48.74,69,99,15.88
106,Port Macquarie,AU,2022-07-20 20:27:51,-31.4333,152.9167,53.49,94,75,3.44
107,Ribeira Grande,PT,2022-07-20 20:27:51,38.5167,-28.7,75.6,78,20,8.05
108,Chokurdakh,RU,2022-07-20 20:24:15,70.6333,147.9167,42.4,74,83,8.88
109,Rincon,US,2022-07-20 20:27:52,32.296,-81.2354,98.26,34,44,8.37
110,Grand Gaube,MU,2022-07-20 20:27:53,-20.0064,57.6608,68.4,74,96,13.0
111,Avera,US,2022-07-20 20:27:53,33.194,-82.5271,90.37,56,99,7.09
112,Berdigestyakh,RU,2022-07-20 20:27:54,62.0989,126.6992,64.76,99,100,3.58
113,Auki,SB,2022-07-20 20:27:54,-8.7676,160.7034,75.9,88,100,4.05
114,Tasiilaq,GL,2022-07-20 20:27:55,65.6145,-37.6368,44.76,81,43,0.63
115,Fairbanks,US,2022-07-20 20:26:48,64.8378,-147.7164,64.09,64,75,9.22
116,Qaqortoq,GL,2022-07-20 20:27:55,60.7167,-46.0333,53.64,79,82,3.58
117,Saint George,US,2022-07-20 20:25:37,37.1041,-113.5841,107.44,16,0,8.99
118,Murovani Kurylivtsi,UA,2022-07-20 20:27:56,48.7235,27.5189,69.39,66,4,13.2
119,Samarai,PG,2022-07-20 20:27:57,-10.6167,150.6667,79.9,81,20,9.71
120,Pangnirtung,CA,2022-07-20 20:27:57,66.1451,-65.7125,50.0,81,100,8.05
121,Catamarca,AR,2022-07-20 20:27:57,-28.4696,-65.7852,72.19,30,86,4.05
122,Qaanaaq,GL,2022-07-20 20:27:58,77.484,-69.3632,41.13,81,100,4.34
123,Nishihara,JP,2022-07-20 20:27:56,26.1842,127.7558,83.48,89,98,6.91
124,Bonavista,CA,2022-07-20 20:27:59,48.6499,-53.1147,63.41,83,100,21.56
125,Hervey Bay,AU,2022-07-20 20:27:59,-25.2986,152.8535,63.12,74,100,23.8
126,Hobyo,SO,2022-07-20 20:28:00,5.3505,48.5268,75.67,80,15,25.93
127,Olafsvik,IS,2022-07-20 20:28:00,64.8945,-23.7142,51.24,75,99,11.86
128,Port Hueneme,US,2022-07-20 20:28:00,34.1478,-119.1951,100.2,67,0,14.97
129,Isangel,VU,2022-07-20 20:26:49,-19.55,169.2667,75.31,88,99,3.44
130,Ilulissat,GL,2022-07-20 20:27:03,69.2167,-51.1,48.67,60,100,4.99
131,Port Hardy,CA,2022-07-20 20:28:01,50.6996,-127.4199,59.18,82,20,6.91
132,Bereda,ES,2022-07-20 20:28:02,43.2686,-7.5406,64.42,97,30,7.14
133,Aransas Pass,US,2022-07-20 20:25:58,27.9095,-97.15,95.0,72,40,23.02
134,Novyy Urengoy,RU,2022-07-20 20:28:02,66.0833,76.6333,51.93,64,69,10.2
135,Newala,TZ,2022-07-20 20:28:03,-10.9431,39.2787,60.1,87,0,6.58
136,Lokosovo,RU,2022-07-20 20:28:03,61.1333,74.8167,59.16,69,99,1.12
137,Nanortalik,GL,2022-07-20 20:28:04,60.1432,-45.2371,52.07,80,15,13.82
138,Bambous Virieux,MU,2022-07-20 20:28:04,-20.3428,57.7575,68.25,73,75,12.66
139,Grindavik,IS,2022-07-20 20:28:05,63.8424,-22.4338,51.75,87,40,17.27
140,Vidim,RU,2022-07-20 20:28:05,56.4088,103.1106,51.62,91,84,3.11
141,Mahebourg,MU,2022-07-20 20:29:05,-20.4081,57.7,68.29,73,75,12.66
142,Acajutla,SV,2022-07-20 20:29:06,13.5928,-89.8275,87.4,59,95,5.97
143,Kidal,ML,2022-07-20 20:29:07,18.4411,1.4078,91.33,38,76,8.86
144,Chuy,UY,2022-07-20 20:28:09,-33.6971,-53.4616,59.27,88,0,7.58
145,Bua Yai,TH,2022-07-20 20:29:08,15.5855,102.4259,82.06,62,100,8.95
146,Aktau,KZ,2022-07-20 20:29:08,43.65,51.2,79.38,54,91,22.39
147,Pacific Grove,US,2022-07-20 20:29:09,36.6177,-121.9166,81.21,86,40,12.66
148,Fukue,JP,2022-07-20 20:29:09,32.6881,128.8419,80.91,92,100,17.05
149,Kashmor,PK,2022-07-20 20:29:10,28.4333,69.5833,92.39,60,30,15.79
150,Itupiranga,BR,2022-07-20 20:29:10,-5.1347,-49.3267,95.32,35,96,2.19
151,Mount Isa,AU,2022-07-20 20:29:11,-20.7333,139.5,49.77,43,0,1.14
152,Chipinge,ZW,2022-07-20 20:29:11,-20.1883,32.6236,55.8,88,43,5.08
153,Rio Gallegos,AR,2022-07-20 20:29:12,-51.6226,-69.2181,34.74,68,100,35.84
154,Bahia Honda,CU,2022-07-20 20:29:12,22.9036,-83.1592,88.05,62,13,11.99
155,Shiraoi,JP,2022-07-20 20:29:13,42.55,141.35,69.21,97,89,1.01
156,Timmins,CA,2022-07-20 20:29:13,48.4669,-81.3331,75.02,83,75,13.8
157,Dingle,PH,2022-07-20 20:29:14,10.9995,122.6711,76.75,88,68,2.37
158,Naze,JP,2022-07-20 20:29:15,28.3667,129.4833,79.72,88,69,16.24
159,Fougamou,GA,2022-07-20 20:29:15,-1.2154,10.5838,75.36,80,100,1.97
160,Novyy Nekouz,RU,2022-07-20 20:29:16,57.9029,38.07,55.56,98,100,5.23
161,Zunyi,CN,2022-07-20 20:29:16,27.6867,106.9072,68.94,98,99,2.73
162,Hamilton,US,2022-07-20 20:26:07,39.1834,-84.5333,94.6,62,75,12.66
163,Kapaa,US,2022-07-20 20:25:12,22.0752,-159.319,82.72,73,20,14.97
164,El Dorado,US,2022-07-20 20:29:17,38.7666,-120.5177,98.8,19,0,1.01
165,Antofagasta,CL,2022-07-20 20:26:04,-23.65,-70.4,58.28,73,100,5.93
166,Tuktoyaktuk,CA,2022-07-20 20:29:18,69.4541,-133.0374,57.2,77,100,14.97
167,Urumqi,CN,2022-07-20 20:29:18,43.801,87.6005,68.95,37,0,8.95
168,Jambi,ID,2022-07-20 20:29:19,-1.6,103.6167,73.81,98,40,2.86
169,Chara,RU,2022-07-20 20:29:19,56.9064,118.2631,59.83,96,100,0.96
170,Vila,PT,2022-07-20 20:29:20,42.0304,-8.1588,71.71,55,0,2.77
171,Daru,PG,2022-07-20 20:29:21,-9.0763,143.2092,75.81,92,100,11.07
172,Teya,RU,2022-07-20 20:29:21,60.3778,92.6267,49.82,97,75,4.38
173,Sitka,US,2022-07-20 20:29:21,57.0531,-135.33,53.49,87,100,9.22
174,Lorengau,PG,2022-07-20 20:29:22,-2.0226,147.2712,79.2,80,97,3.71
175,Ketchikan,US,2022-07-20 20:29:22,55.3422,-131.6461,61.27,72,100,12.66
176,Georgetown,MY,2022-07-20 20:25:49,5.4112,100.3354,80.89,92,20,4.61
177,Ibotirama,BR,2022-07-20 20:29:23,-12.1853,-43.2206,88.81,22,7,4.27
178,Atuona,PF,2022-07-20 20:29:24,-9.8,-139.0333,77.81,74,4,15.75
179,Puri,IN,2022-07-20 20:29:24,19.8,85.85,79.32,79,99,9.19
180,Los Llanos De Aridane,ES,2022-07-20 20:29:25,28.6585,-17.9182,69.55,83,20,16.11
181,New Norfolk,AU,2022-07-20 20:29:25,-42.7826,147.0587,34.92,89,5,2.33
182,Lebu,CL,2022-07-20 20:29:26,-37.6167,-73.65,53.58,95,100,11.21
183,Siniscola,IT,2022-07-20 20:29:26,40.5719,9.6922,81.95,59,0,5.06
184,Bartica,GY,2022-07-20 20:30:27,6.4,-58.6167,88.12,93,100,3.0
185,Gorontalo,ID,2022-07-20 20:30:27,0.5412,123.0595,73.44,95,43,2.21
186,Bequimao,BR,2022-07-20 20:30:28,-2.4489,-44.7825,79.43,73,95,1.79
187,Voloshka,RU,2022-07-20 20:30:29,61.3314,40.0858,56.73,98,76,6.93
188,Rongcheng,CN,2022-07-20 20:30:29,30.634,117.8517,78.1,95,98,1.28
189,Kruisfontein,ZA,2022-07-20 20:29:35,-34.0033,24.7314,54.88,91,94,3.56
190,Jumla,NP,2022-07-20 20:30:30,29.2747,82.1838,63.86,97,100,1.81
191,Vilhena,BR,2022-07-20 20:30:30,-12.7406,-60.1458,86.22,28,0,8.05
192,Broome,US,2022-07-20 20:30:31,42.2506,-75.833,94.6,51,24,8.01
193,Redlands,US,2022-07-20 20:30:31,34.0556,-117.1825,102.52,21,75,4.61
194,Noumea,NC,2022-07-20 20:27:46,-22.2763,166.4572,75.0,99,99,9.04
195,Beringovskiy,RU,2022-07-20 20:30:32,63.05,179.3167,43.02,74,100,17.96
196,Bengkulu,ID,2022-07-20 20:30:32,-3.8004,102.2655,75.81,90,63,2.95
197,Grand Baie,MU,2022-07-20 20:30:33,-20.0182,57.5802,68.47,76,89,8.99
198,Ostrovnoy,RU,2022-07-20 20:29:44,68.0531,39.5131,47.68,96,24,5.08
199,Panguna,PG,2022-07-20 20:30:33,-6.3164,155.4848,70.29,90,94,1.34
200,Tabou,CI,2022-07-20 20:29:07,4.423,-7.3528,75.33,72,99,7.45
201,Severo-Kurilsk,RU,2022-07-20 20:30:23,50.6789,156.125,52.11,97,98,11.79
202,Nahavand,IR,2022-07-20 20:30:34,34.1885,48.377,79.61,17,0,3.83
203,Heide,DE,2022-07-20 20:30:35,54.2,9.1,71.19,90,5,6.89
204,Petropavlovsk-Kamchatskiy,RU,2022-07-20 20:30:35,53.0452,158.6483,50.59,100,100,2.24
205,Geraldton,AU,2022-07-20 20:29:34,-28.7667,114.6,66.61,94,75,20.71
206,Jieznas,LT,2022-07-20 20:30:36,54.6,24.1667,62.19,85,2,4.88
207,Cauquenes,CL,2022-07-20 20:27:31,-35.9671,-72.3225,59.27,66,6,3.27
208,Guerrero Negro,MX,2022-07-20 20:26:51,27.9769,-114.0611,83.55,45,18,13.73
209,Coquimbo,CL,2022-07-20 20:28:29,-29.9533,-71.3436,55.13,82,100,3.44
210,Adrar,MR,2022-07-20 20:30:37,20.5022,-10.0711,95.85,18,19,11.54
211,Hangzhou,CN,2022-07-20 20:30:38,30.2937,120.1614,85.89,71,100,3.18
212,Carutapera,BR,2022-07-20 20:30:38,-1.195,-46.02,77.38,85,77,6.29
213,Kinangan,PH,2022-07-20 20:30:39,6.3014,125.585,76.12,83,53,1.7
214,Saint-Pierre,RE,2022-07-20 20:30:39,-21.3393,55.4781,67.68,66,0,13.8
215,Marzuq,YE,2022-07-20 20:30:40,14.4,46.4667,78.51,57,100,5.32
216,Bekeshevskaya,RU,2022-07-20 20:30:40,44.1139,42.4269,61.07,92,61,3.67
217,Yuci,CN,2022-07-20 20:30:41,37.6803,112.7319,65.95,82,0,2.24
218,Port Blair,IN,2022-07-20 20:30:41,11.6667,92.75,78.84,94,100,1.14
219,Asau,RO,2022-07-20 20:25:45,46.4333,26.4,72.52,58,12,5.55
220,Ugoofaaru,MV,2022-07-20 20:30:42,5.6667,73.0,80.11,79,96,17.83
221,Lasa,IT,2022-07-20 20:30:42,46.6166,10.7002,70.68,85,50,2.71
222,Sadasivpet,IN,2022-07-20 20:30:43,17.6212,77.9503,77.67,76,100,9.93
223,Faanui,PF,2022-07-20 20:30:43,-16.4833,-151.75,77.7,66,0,10.51
224,Shangqiu,CN,2022-07-20 20:30:44,34.45,115.65,70.23,97,37,5.1
225,Nome,US,2022-07-20 20:30:45,64.5011,-165.4064,46.47,87,100,16.11
226,Vardo,NO,2022-07-20 20:30:45,70.3705,31.1107,51.78,100,100,1.14
227,Fortuna,US,2022-07-20 20:30:46,40.5982,-124.1573,69.93,71,36,3.0
228,Santa Helena De Goias,BR,2022-07-20 20:30:46,-17.8136,-50.5969,78.35,26,14,5.48
229,Kapit,MY,2022-07-20 20:30:46,2.0167,112.9333,73.35,99,47,0.69
230,Rawson,AR,2022-07-20 20:30:47,-43.3002,-65.1023,48.72,47,100,23.53
231,Anchorage,US,2022-07-20 20:31:47,61.2181,-149.9003,59.99,85,100,6.91
232,Kabalo,CD,2022-07-20 20:31:48,-6.05,26.9167,79.95,35,37,3.53
233,Uyemskiy,RU,2022-07-20 20:31:49,64.4743,40.8524,62.65,100,20,2.24
234,Katsuura,JP,2022-07-20 20:31:49,35.1333,140.3,77.74,84,60,7.94
235,Thompson,CA,2022-07-20 20:30:48,55.7435,-97.8558,75.36,50,75,19.57
236,Ambulu,ID,2022-07-20 20:31:50,-8.345,113.6058,71.06,90,4,3.89
237,Sambava,MG,2022-07-20 20:31:50,-14.2667,50.1667,68.92,83,41,14.47
238,Turtas,RU,2022-07-20 20:31:50,58.9417,69.1325,57.61,93,93,1.99
239,Sangar,RU,2022-07-20 20:31:51,63.9242,127.4739,62.08,93,100,3.09
240,Pangai,TO,2022-07-20 20:31:51,-19.8,-174.35,75.31,94,40,11.5
241,Leningradskiy,RU,2022-07-20 20:29:21,69.3833,178.4167,33.04,97,100,18.16
242,Lubyany,RU,2022-07-20 20:31:52,56.0378,51.4,54.05,90,12,2.71
243,Puerto Madero,MX,2022-07-20 20:31:52,14.7208,-92.4215,89.8,74,75,8.05
244,Portland,US,2022-07-20 20:27:00,45.5234,-122.6762,89.53,46,0,9.22
245,Laguna,US,2022-07-20 20:31:53,38.421,-121.4238,101.32,27,0,5.75
246,Baykit,RU,2022-07-20 20:31:53,61.67,96.37,50.76,96,12,1.97
247,Longyearbyen,SJ,2022-07-20 20:31:54,78.2186,15.6401,49.84,87,75,3.44
248,Sola,VU,2022-07-20 20:31:54,-13.8833,167.55,80.76,80,47,19.66
249,Along,IN,2022-07-20 20:31:55,28.1667,94.7667,75.22,100,100,0.45
250,Pallasovka,RU,2022-07-20 20:31:55,50.05,46.8833,71.56,43,99,7.11
251,Nhulunbuy,AU,2022-07-20 20:31:55,-12.2333,136.7667,63.21,100,28,3.44
252,Saldanha,ZA,2022-07-20 20:31:56,-33.0117,17.9442,41.05,63,0,11.25
253,San Andres Del Rabanedo,ES,2022-07-20 20:31:56,42.6117,-5.6167,79.52,24,0,2.3
254,Acarau,BR,2022-07-20 20:31:57,-2.8856,-40.12,78.8,72,81,14.05
255,Ouesso,CG,2022-07-20 20:31:57,1.6136,16.0517,71.33,96,100,2.68
256,Cap-Aux-Meules,CA,2022-07-20 20:31:58,47.3821,-61.8597,66.25,77,75,18.41
257,Kamenka,RU,2022-07-20 20:31:58,51.3223,42.7678,58.21,82,78,7.61
258,Takoradi,GH,2022-07-20 20:31:59,4.8845,-1.7554,73.71,71,57,7.31
259,Cartagena,CO,2022-07-20 20:31:59,10.3997,-75.5144,83.82,84,40,14.97
260,Olutanga,PH,2022-07-20 20:31:59,7.3106,122.8464,81.63,74,33,1.7
261,Narsaq,GL,2022-07-20 20:32:00,60.9167,-46.05,57.42,82,94,3.15
262,Najran,SA,2022-07-20 20:32:00,17.4924,44.1277,90.25,44,100,10.4
263,Carinhanha,BR,2022-07-20 20:32:01,-14.3047,-43.765,78.98,34,7,4.03
264,Merauke,ID,2022-07-20 20:32:01,-8.4667,140.3333,76.21,88,76,10.42
265,Iralaya,HN,2022-07-20 20:32:02,15.0,-83.2333,83.5,72,98,8.66
266,Zhuhai,CN,2022-07-20 20:32:02,22.2769,113.5678,84.85,89,20,9.22
267,Tarnow,PL,2022-07-20 20:32:03,50.0138,20.987,71.73,62,0,5.26
268,San Patricio,US,2022-07-20 20:32:03,28.017,-97.5169,97.52,46,7,21.12
269,Ankang,CN,2022-07-20 20:32:04,32.68,109.0172,71.04,85,0,1.23
270,Hambantota,LK,2022-07-20 20:29:37,6.1241,81.1185,78.57,85,97,18.45
271,Kirakira,SB,2022-07-20 20:32:04,-10.4544,161.9205,80.89,79,74,7.07
272,Cabinda,AO,2022-07-20 20:32:05,-5.55,12.2,72.46,82,100,7.25
273,Berlevag,NO,2022-07-20 20:32:05,70.8578,29.0864,55.2,94,100,2.3
274,Wilkie,CA,2022-07-20 20:32:06,52.4168,-108.7014,72.9,44,6,19.93
275,Vredendal,ZA,2022-07-20 20:32:06,-31.6683,18.5012,48.33,81,0,6.04
276,Praia Da Vitoria,PT,2022-07-20 20:32:07,38.7333,-27.0667,73.76,83,20,3.98
277,Oranjemund,NA,2022-07-20 20:32:07,-28.55,16.4333,53.37,80,57,17.27
278,Srednekolymsk,RU,2022-07-20 20:32:08,67.45,153.6833,46.22,72,100,7.74
279,Mitchell,US,2022-07-20 20:28:48,43.7094,-98.0298,92.1,37,0,14.97
280,Bubaque,GW,2022-07-20 20:33:08,11.2833,-15.8333,76.68,91,100,16.84
281,Sungairaya,ID,2022-07-20 20:33:09,0.7,108.9,78.35,88,10,1.05
282,Fukuma,JP,2022-07-20 20:33:09,33.7667,130.4667,83.28,94,100,6.58
283,Radaseni,RO,2022-07-20 20:33:10,47.4667,26.25,77.81,61,2,6.64
284,Innisfail,AU,2022-07-20 20:33:10,-17.5333,146.0333,66.79,86,96,5.88
285,San Rafael,AR,2022-07-20 20:31:39,-34.6177,-68.3301,68.61,11,0,4.41
286,Bucerias,MX,2022-07-20 20:33:11,20.75,-105.3333,90.99,70,100,6.91
287,Lavrentiya,RU,2022-07-20 20:33:12,65.5833,-171.0,39.74,96,100,16.64
288,Zhanaozen,KZ,2022-07-20 20:33:12,43.3,52.8,87.84,25,47,20.6
289,San Cristobal,VE,2022-07-20 20:33:12,7.7669,-72.225,78.98,61,54,5.86
290,Bambanglipuro,ID,2022-07-20 20:33:13,-7.95,110.2833,75.56,83,93,6.8
291,Ancud,CL,2022-07-20 20:31:00,-41.8697,-73.8203,41.23,65,82,13.56
292,Dauriya,RU,2022-07-20 20:33:13,49.9333,116.8667,64.2,77,92,0.22
293,Pingxiang,CN,2022-07-20 20:29:29,27.6167,113.85,79.47,86,100,3.02
294,Vitim,RU,2022-07-20 20:33:14,59.4511,112.5578,59.36,91,100,6.76
295,Sinop,TR,2022-07-20 20:33:15,41.7711,34.8709,57.04,80,0,3.85
296,Conceicao Do Mato Dentro,BR,2022-07-20 20:33:15,-19.0372,-43.425,67.28,58,0,5.03
297,Skelleftea,SE,2022-07-20 20:33:16,64.7507,20.9528,64.0,78,20,3.44
298,Grand-Lahou,CI,2022-07-20 20:33:16,5.1367,-5.0242,74.08,75,72,8.32
299,Erzin,TR,2022-07-20 20:33:17,36.9559,36.2,77.22,51,0,1.79
300,Qandala,SO,2022-07-20 20:33:17,11.472,49.8728,86.58,55,62,7.34
301,Nakambala,ZM,2022-07-20 20:33:18,-15.8324,27.7799,64.04,60,68,8.28
302,Tiksi,RU,2022-07-20 20:33:18,71.6872,128.8694,38.26,90,86,18.66
303,Casma,CL,2022-07-20 20:33:19,-41.0082,-73.1244,46.24,90,80,4.65
304,Currais Novos,BR,2022-07-20 20:33:19,-6.2608,-36.5178,75.33,69,36,14.23
305,San Carlos De Bariloche,AR,2022-07-20 20:33:20,-41.1456,-71.3082,39.24,93,75,18.41
306,Namibe,AO,2022-07-20 20:33:20,-15.1961,12.1522,62.33,83,1,5.84
307,Raudeberg,NO,2022-07-20 20:32:03,61.9875,5.1352,56.07,95,100,7.76
308,Lata,PT,2022-07-20 20:33:21,40.1629,-8.3327,62.26,84,0,2.35
309,Inirida,CO,2022-07-20 20:33:22,3.8653,-67.9239,79.72,86,75,2.82
310,Tiarei,PF,2022-07-20 20:28:30,-17.5333,-149.3333,80.62,71,2,9.48
311,Faya,SA,2022-07-20 20:33:23,18.3851,42.4509,68.11,61,100,7.05
312,Gornopravdinsk,RU,2022-07-20 20:33:23,60.05,69.9,59.31,81,94,4.32
313,Skjervoy,NO,2022-07-20 20:33:24,70.0311,20.9714,64.4,80,100,8.63
314,Henties Bay,NA,2022-07-20 20:33:24,-22.116,14.2845,55.29,85,0,6.78
315,Sept-Iles,CA,2022-07-20 20:33:24,50.2001,-66.3821,80.06,45,75,13.8
316,Tamiahua,MX,2022-07-20 20:33:25,21.2667,-97.45,89.19,65,16,18.68
317,Kutum,SD,2022-07-20 20:33:25,14.2,24.6667,75.2,62,96,9.98
318,Bowen,AU,2022-07-20 20:33:26,-20.0167,148.2333,65.34,93,99,10.89
319,Mitzic,GA,2022-07-20 20:33:26,0.7821,11.549,68.54,96,100,4.59
320,Nalut,LY,2022-07-20 20:33:27,30.3333,10.85,87.24,16,0,9.15
321,Itarema,BR,2022-07-20 20:33:27,-2.9248,-39.9167,78.46,73,70,14.83
322,Lagoa,PT,2022-07-20 20:32:51,39.05,-27.9833,72.05,80,7,3.8
323,Chegem,RU,2022-07-20 20:33:28,43.2833,43.1333,41.13,89,44,4.54
324,Mahenge,TZ,2022-07-20 20:33:29,-8.6833,36.7167,61.86,63,70,3.11
325,Boa Vista,BR,2022-07-20 20:33:29,2.8197,-60.6733,87.78,55,40,5.75
326,Hasaki,JP,2022-07-20 20:34:29,35.7333,140.8333,73.8,82,99,8.32
327,Olinda,BR,2022-07-20 20:32:06,-8.0089,-34.8553,74.93,88,100,11.5
328,Okahandja,NA,2022-07-20 20:34:30,-21.9833,16.9167,57.76,27,0,6.08
329,Cidreira,BR,2022-07-20 20:34:31,-30.1811,-50.2056,61.57,91,0,15.73
330,Wairoa,NZ,2022-07-20 20:34:31,-39.0333,177.3667,51.55,66,25,4.0
331,Paripiranga,BR,2022-07-20 20:34:32,-10.6875,-37.8617,66.92,92,16,8.9
332,Aklavik,CA,2022-07-20 20:34:32,68.2191,-135.0107,62.6,72,75,3.44
333,Kavaratti,IN,2022-07-20 20:34:33,10.5669,72.642,81.16,79,100,18.88
334,Mehamn,NO,2022-07-20 20:34:33,71.0357,27.8492,53.55,100,0,0.0
335,Sao Joao Da Barra,BR,2022-07-20 20:34:34,-21.6403,-41.0511,75.29,86,11,11.32
336,Praia,CV,2022-07-20 20:34:34,14.9215,-23.5087,79.34,83,40,6.91
337,Vrede,ZA,2022-07-20 20:34:35,-27.4257,29.1659,48.27,54,73,1.05
338,Malente,DE,2022-07-20 20:34:35,54.1712,10.5552,76.75,79,12,6.93
339,Bayan,CN,2022-07-20 20:34:36,46.0833,127.4,67.33,93,4,2.8
340,Pevek,RU,2022-07-20 20:34:36,69.7008,170.3133,31.69,90,98,15.21
341,Rio Claro,BR,2022-07-20 20:34:37,-22.4114,-47.5614,72.97,49,2,5.95
342,Nouadhibou,MR,2022-07-20 20:34:37,20.931,-17.0347,69.78,94,40,11.5
343,Port-Cartier,CA,2022-07-20 20:34:38,50.0334,-66.8654,79.75,42,10,12.17
344,Jinchang,CN,2022-07-20 20:34:38,38.4953,102.1739,66.97,52,98,19.3
345,Nisia Floresta,BR,2022-07-20 20:34:39,-6.0911,-35.2086,82.78,89,79,7.52
346,Plettenberg Bay,ZA,2022-07-20 20:34:39,-34.0527,23.3716,53.58,87,52,4.0
347,Black River,JM,2022-07-20 20:34:40,18.0264,-77.8487,86.74,64,25,12.73
348,Nosy Varika,MG,2022-07-20 20:34:40,-20.5833,48.5333,65.17,87,49,4.97
349,Makakilo City,US,2022-07-20 20:32:10,21.3469,-158.0858,80.69,69,40,13.8
350,Hibbing,US,2022-07-20 20:34:41,47.4272,-92.9377,80.02,44,0,19.57
351,Saint-Augustin,CA,2022-07-20 20:34:41,51.226,-58.6502,56.66,88,100,15.43
352,Ahipara,NZ,2022-07-20 20:34:42,-35.1667,173.1667,54.82,77,68,18.7
353,Salalah,OM,2022-07-20 20:34:42,17.0151,54.0924,77.09,100,100,3.44
354,Aranos,NA,2022-07-20 20:34:43,-24.1333,19.1167,53.42,38,0,7.58
355,Kodinsk,RU,2022-07-20 20:32:09,58.6881,99.1844,51.76,98,100,3.6
356,Calvinia,ZA,2022-07-20 20:34:44,-31.4707,19.776,43.61,73,0,3.0
357,Truth Or Consequences,US,2022-07-20 20:31:36,33.1284,-107.2528,102.43,16,0,9.22
358,Cancun,MX,2022-07-20 20:34:16,21.1743,-86.8466,84.13,70,75,10.36
359,Paoua,CF,2022-07-20 20:34:45,7.2427,16.4406,68.85,96,95,1.34
360,Liverpool,GB,2022-07-20 20:33:19,53.4106,-2.9779,64.62,76,40,12.66
361,Dikson,RU,2022-07-20 20:34:45,73.5069,80.5464,41.59,73,11,24.58
362,Luau,AO,2022-07-20 20:34:46,-10.7073,22.2247,66.24,33,17,5.95
363,Dubai,AE,2022-07-20 20:34:41,25.2582,55.3047,97.05,44,0,8.05
364,Sadon,RU,2022-07-20 20:34:46,42.8518,44.0037,59.47,90,34,4.88
365,Ternate,ID,2022-07-20 20:34:47,0.8,127.4,80.04,81,100,1.83
366,Huarmey,PE,2022-07-20 20:34:47,-10.0681,-78.1522,66.94,72,1,10.92
367,Cerritos,US,2022-07-20 20:34:48,33.8583,-118.0648,98.17,52,0,5.99
368,Caravelas,BR,2022-07-20 20:34:48,-17.7125,-39.2481,71.44,77,2,6.64
369,Chifeng,CN,2022-07-20 20:34:49,42.2683,118.9636,68.34,83,100,1.66
370,Yima,CN,2022-07-20 20:34:50,34.7381,111.8839,68.9,72,0,3.58
371,Magadi,IN,2022-07-20 20:34:50,12.9667,77.2333,70.97,84,62,8.63
372,Smithers,CA,2022-07-20 20:34:05,54.7804,-127.1743,64.72,52,75,2.3
373,Vila Do Maio,CV,2022-07-20 20:35:51,15.1333,-23.2167,79.59,86,16,3.4
374,Tutoia,BR,2022-07-20 20:35:51,-2.7619,-42.2744,79.83,78,28,7.85
375,Kapuskasing,CA,2022-07-20 20:35:52,49.4169,-82.4331,73.4,83,100,6.91
376,Porto Recanati,IT,2022-07-20 20:35:52,43.4365,13.6613,79.25,34,0,4.9
377,Luderitz,NA,2022-07-20 20:35:53,-26.6481,15.1594,56.98,60,3,17.6
378,Chapais,CA,2022-07-20 20:32:46,49.7834,-74.8492,73.18,40,81,3.56
379,Abu Kamal,SY,2022-07-20 20:35:53,34.4506,40.9171,94.42,17,0,9.19
380,Shiraz,IR,2022-07-20 20:34:24,29.6036,52.5388,85.44,35,0,4.61
381,Verkhoyansk,RU,2022-07-20 20:35:54,67.5447,133.385,47.34,70,99,3.51
382,Terrasini,IT,2022-07-20 20:35:54,38.146,13.0844,83.21,76,0,3.44
383,Cuiluan,CN,2022-07-20 20:35:55,47.72,128.648,63.82,96,0,1.07
384,Lompoc,US,2022-07-20 20:35:55,34.6391,-120.4579,95.02,65,0,12.66
385,Raga,SS,2022-07-20 20:35:56,8.4596,25.678,68.36,95,51,3.47
386,Negombo,LK,2022-07-20 20:35:57,7.2083,79.8358,80.65,83,40,10.36
387,Kenora,CA,2022-07-20 20:33:27,49.8167,-94.4337,81.57,41,0,13.8
388,Zalantun,CN,2022-07-20 20:35:57,48.0,122.7167,67.28,84,0,3.15
389,Bilibino,RU,2022-07-20 20:35:58,68.0546,166.4372,46.22,65,95,3.15
390,Muros,ES,2022-07-20 20:35:58,42.7762,-9.0603,69.67,77,5,12.26
391,Djibo,BF,2022-07-20 20:35:59,14.1022,-1.6306,85.75,54,86,12.46
392,Poum,NC,2022-07-20 20:35:59,-20.2333,164.0167,75.81,85,100,7.87
393,Tuatapere,NZ,2022-07-20 20:36:00,-46.1333,167.6833,42.94,82,100,2.1
394,Cheney,US,2022-07-20 20:36:00,47.4874,-117.5758,90.75,27,20,10.36
395,Carsamba,TR,2022-07-20 20:36:01,41.1989,36.7219,73.15,73,75,12.66
396,Loiza,PR,2022-07-20 20:36:01,18.4313,-65.8802,88.81,75,40,16.11
397,Muroto,JP,2022-07-20 20:36:02,33.2833,134.15,78.67,77,100,2.93
398,Tacuarembo,UY,2022-07-20 20:36:02,-31.7333,-55.9833,64.04,92,31,7.4
399,Sulphur,US,2022-07-20 20:36:03,30.2366,-93.3774,94.98,67,20,14.97
400,Pryyutivka,UA,2022-07-20 20:36:03,48.7209,33.0708,60.24,81,71,10.58
401,Solnechnyy,RU,2022-07-20 20:36:04,50.7214,136.6319,58.57,95,100,5.06
402,Novoagansk,RU,2022-07-20 20:36:04,61.9449,76.6625,57.47,67,91,1.86
403,Nelson Bay,AU,2022-07-20 20:35:09,-32.7167,152.15,61.0,84,81,8.99
404,Tokur,RU,2022-07-20 20:36:05,53.1333,132.9,52.48,97,100,3.36
405,Talnakh,RU,2022-07-20 20:31:45,69.4865,88.3972,52.21,71,100,5.84
406,Ishim,RU,2022-07-20 20:36:05,56.1128,69.4902,60.66,96,94,3.96
407,Flinders,AU,2022-07-20 20:32:07,-34.5833,150.8552,51.19,93,100,4.0
408,Santa Cruz,BO,2022-07-20 20:36:06,-17.8,-63.1667,86.05,39,7,18.41
409,Itapirapua,BR,2022-07-20 20:36:07,-15.8233,-50.6133,82.13,21,2,2.75
410,Chernushka,RU,2022-07-20 20:36:07,56.5072,56.0766,53.44,94,9,4.36
411,Pudozh,RU,2022-07-20 20:36:07,61.8099,36.5345,60.89,92,2,6.08
412,Mae Sai,TH,2022-07-20 20:36:08,20.4335,99.8762,73.49,98,100,1.25
413,Gazanjyk,TM,2022-07-20 20:36:09,39.2446,55.5154,82.51,59,0,10.67
414,Lodja,CD,2022-07-20 20:36:09,-3.4833,23.4333,79.92,48,91,0.96
415,Shumskiy,RU,2022-07-20 20:36:10,54.8318,99.1328,51.13,88,27,2.64
416,Nemuro,JP,2022-07-20 20:36:10,43.3236,145.575,57.56,91,64,8.77
417,Lichtenfels,DE,2022-07-20 20:36:11,50.1457,11.0593,78.12,87,100,15.23
418,Tiznit,MA,2022-07-20 20:33:34,29.5833,-9.5,91.4,23,57,2.04
419,Santana Do Matos,BR,2022-07-20 20:37:11,-5.9575,-36.6556,79.95,57,22,12.97
420,Yozgat,TR,2022-07-20 20:37:12,39.5833,35.3333,54.3,84,0,7.74
421,Atambua,ID,2022-07-20 20:37:12,-9.1061,124.8925,70.0,90,100,4.92
422,Windhoek,NA,2022-07-20 20:37:13,-22.5594,17.0832,53.8,35,0,8.05
423,Nurota,UZ,2022-07-20 20:37:14,40.5614,65.6886,82.74,17,0,9.91
424,Jasper,US,2022-07-20 20:37:14,37.2001,-94.3502,107.02,31,0,5.75
425,Saint Anthony,US,2022-07-20 20:37:15,45.0205,-93.218,88.9,35,0,23.02
426,Necochea,AR,2022-07-20 20:37:15,-38.5473,-58.7368,58.95,55,28,17.4
427,Cruz,BR,2022-07-20 20:37:16,-2.9178,-40.1717,78.51,72,84,12.28
428,Mbeya,TZ,2022-07-20 20:37:17,-8.9,33.45,52.63,90,23,6.67
429,Were Ilu,ET,2022-07-20 20:37:17,10.6,39.4333,52.11,96,100,1.81
430,Batemans Bay,AU,2022-07-20 20:37:18,-35.7167,150.1833,52.11,86,100,3.29
431,Abu Dhabi,AE,2022-07-20 20:32:55,24.4667,54.3667,95.11,62,0,5.75
432,Agua Dulce,MX,2022-07-20 20:37:19,18.1333,-94.1333,82.18,63,66,9.51
433,Puerto Escondido,MX,2022-07-20 20:37:19,15.85,-97.0667,90.43,55,40,6.91
434,Prince Rupert,CA,2022-07-20 20:37:20,54.3161,-130.3201,57.29,77,100,6.91
435,Lebanon,US,2022-07-20 20:37:08,36.2081,-86.2911,99.45,65,20,13.8
436,Altay,CN,2022-07-20 20:37:20,47.8667,88.1167,54.68,58,81,4.5
437,Valparaiso,CL,2022-07-20 20:37:21,-33.0393,-71.6273,62.83,58,0,10.36
438,Anadyr,RU,2022-07-20 20:37:22,64.75,177.4833,43.3,81,20,8.95
439,Sibu,MY,2022-07-20 20:37:22,2.3,111.8167,77.31,94,20,2.3
440,Benidorm,ES,2022-07-20 20:37:23,38.5382,-0.131,81.9,86,0,1.01
441,Floro,NO,2022-07-20 20:37:23,61.5996,5.0328,68.23,94,75,8.05
442,Shahreza,IR,2022-07-20 20:37:24,32.0339,51.8794,75.72,17,0,4.03
443,Kinkala,CG,2022-07-20 20:37:24,-4.3614,14.7644,68.31,83,15,3.58
444,Touros,BR,2022-07-20 20:35:09,-5.1989,-35.4608,75.78,81,84,11.92
445,Waitati,NZ,2022-07-20 20:37:04,-45.75,170.5667,42.8,80,100,7.7
446,Chalinze,TZ,2022-07-20 20:37:25,-6.6378,38.354,67.89,84,83,1.77
447,Vasto,IT,2022-07-20 20:37:26,42.1243,14.7059,79.14,44,0,4.45
448,Minudasht,IR,2022-07-20 20:37:27,37.2289,55.3747,82.72,75,0,2.3
449,Santa Rosa,PH,2022-07-20 20:37:27,14.3122,121.1114,82.38,81,100,4.12
450,Laurel,US,2022-07-20 20:37:28,39.0993,-76.8483,95.45,55,40,8.05
451,Fort Nelson,CA,2022-07-20 20:37:28,58.8053,-122.7002,74.79,33,20,2.3
452,Barabai,ID,2022-07-20 20:37:28,-2.5833,115.3833,72.84,96,6,1.36
453,Deputatskiy,RU,2022-07-20 20:37:29,69.3,139.9,36.66,92,91,4.65
454,Bilma,NE,2022-07-20 20:37:30,18.6853,12.9164,94.66,14,72,3.76
455,Balclutha,NZ,2022-07-20 20:37:30,-46.2339,169.75,39.81,85,100,4.23
456,Ikungi,TZ,2022-07-20 20:37:31,-5.1333,34.7667,58.3,71,6,10.56
457,Katobu,ID,2022-07-20 20:33:21,-4.9408,122.5276,73.92,96,14,4.16
458,Padang,ID,2022-07-20 20:37:31,-0.9492,100.3543,75.88,85,54,4.03
459,Correntina,BR,2022-07-20 20:37:32,-13.3433,-44.6367,75.85,35,30,5.06
460,Pauini,BR,2022-07-20 20:38:33,-7.7136,-66.9764,91.96,35,9,1.61
461,Baculin,PH,2022-07-20 20:38:33,7.4525,126.5842,77.77,83,91,4.12
462,Ust-Nera,RU,2022-07-20 20:38:34,64.5667,143.2,58.06,74,98,9.26
463,Chulym,RU,2022-07-20 20:38:34,55.0997,80.9572,59.5,84,100,6.02
464,Sinjar,IQ,2022-07-20 20:38:35,36.3209,41.8754,91.51,15,0,15.79
465,Sanming,CN,2022-07-20 20:38:35,26.2486,117.6186,77.4,90,72,3.2
466,Anori,BR,2022-07-20 20:38:35,-3.7728,-61.6442,89.37,48,34,2.06
467,Vikhorevka,RU,2022-07-20 20:38:36,56.1201,101.1636,53.19,93,39,1.61
468,Erenhot,CN,2022-07-20 20:38:36,43.6475,111.9767,74.82,37,34,10.25
469,Pinega,RU,2022-07-20 20:38:37,64.7001,43.3936,62.13,72,31,3.0
470,Haines Junction,CA,2022-07-20 20:38:38,60.7522,-137.5108,53.55,58,100,4.61
471,Shirokiy,RU,2022-07-20 20:35:21,49.758,129.523,62.58,94,7,5.21
472,Zdvinsk,RU,2022-07-20 20:38:38,54.7021,78.661,61.18,87,100,4.81
473,Yanam,IN,2022-07-20 20:38:39,16.7333,82.2167,79.88,86,55,3.67
474,Jardim,BR,2022-07-20 20:38:39,-21.4803,-56.1381,82.81,24,5,4.36
475,Hualmay,PE,2022-07-20 20:38:40,-11.0964,-77.6139,65.39,73,38,10.71
476,Abakan,RU,2022-07-20 20:38:40,53.7156,91.4292,57.22,90,0,4.47
477,Shibetsu,JP,2022-07-20 20:38:41,43.659,145.132,59.04,90,81,7.02
478,Chik,RU,2022-07-20 20:38:41,54.9928,82.4311,62.35,82,0,6.71
479,Barranca,PE,2022-07-20 20:38:42,-10.75,-77.7667,65.37,71,18,10.83
480,Beyneu,KZ,2022-07-20 20:38:42,45.3167,55.2,83.53,33,89,16.08
481,Iquitos,PE,2022-07-20 20:38:43,-3.7481,-73.2472,86.04,66,75,2.3
482,Chau Doc,VN,2022-07-20 20:38:43,10.7,105.1167,75.87,95,100,6.46
483,Bogorodskoye,RU,2022-07-20 20:38:44,56.55,37.8833,53.76,98,100,4.76
484,Tessalit,ML,2022-07-20 20:38:44,20.1986,1.0114,75.33,67,99,19.44
485,Sebinkarahisar,TR,2022-07-20 20:38:45,40.2883,38.4236,57.6,76,82,3.98
486,Maceio,BR,2022-07-20 20:38:45,-9.6658,-35.7353,76.44,88,100,9.22
487,Sharkan,RU,2022-07-20 20:38:46,57.2989,53.8712,53.31,92,43,3.56
488,Stillwater,US,2022-07-20 20:35:21,36.1156,-97.0584,102.47,27,0,9.22
489,Sinnamary,GF,2022-07-20 20:38:47,5.3833,-52.95,80.01,77,6,8.14
490,Sabang,ID,2022-07-20 20:38:47,5.8933,95.3214,82.74,75,100,23.55
491,Shelburne,CA,2022-07-20 20:38:48,44.0787,-80.2041,84.65,48,100,20.54
492,Esperance,AU,2022-07-20 20:38:48,-33.8667,121.9,61.79,52,100,18.66
493,Swan River,CA,2022-07-20 20:38:48,52.1058,-101.2676,76.89,31,13,16.11
494,Sumbuya,SL,2022-07-20 20:38:49,7.6467,-11.9611,72.43,97,100,4.16
495,Margate,GB,2022-07-20 20:38:49,51.3813,1.3862,71.69,71,30,4.0
496,Parati,BR,2022-07-20 20:38:50,-23.2178,-44.7131,69.31,95,94,1.99
497,Fort Collins,US,2022-07-20 20:35:56,40.5853,-105.0844,94.93,27,0,12.66
498,Teberda,RU,2022-07-20 20:38:51,43.4456,41.7448,56.55,95,36,4.76
499,Northam,GB,2022-07-20 20:38:51,51.0333,-4.2167,63.39,77,11,13.44
500,Vernon,CA,2022-07-20 20:38:52,50.2581,-119.2691,91.24,34,6,2.3
501,Salice Salentino,IT,2022-07-20 20:38:52,40.387,17.9607,76.98,52,0,4.92
502,Vila Franca Do Campo,PT,2022-07-20 20:38:53,37.7167,-25.4333,70.21,81,55,1.88
503,Goderich,CA,2022-07-20 20:38:53,43.7501,-81.7165,82.72,61,100,17.27
504,Baruun-Urt,MN,2022-07-20 20:38:54,46.6806,113.2792,65.48,58,21,6.6
505,Filadelfia,US,2022-07-20 20:34:00,39.9523,-75.1638,98.1,45,40,8.05
506,Mamakan,RU,2022-07-20 20:38:54,57.8161,114.0028,60.31,98,100,4.29
507,Arlit,NE,2022-07-20 20:38:55,18.7369,7.3853,93.02,29,75,6.04
508,Sergeyevka,KZ,2022-07-20 20:39:55,53.88,67.4158,61.02,95,7,9.19
509,Krutaya Gorka,RU,2022-07-20 20:39:56,55.3649,73.2231,64.08,98,93,4.68
510,Tilichiki,RU,2022-07-20 20:39:56,60.4667,166.1,56.84,47,6,6.44
511,Kopervik,NO,2022-07-20 20:39:57,59.2835,5.3067,63.32,94,40,9.22
512,Awjilah,LY,2022-07-20 20:39:57,29.1081,21.2869,81.14,35,0,16.24
513,Barra Do Corda,BR,2022-07-20 20:39:58,-5.5,-45.25,84.27,35,45,1.74
514,Asadabad,IR,2022-07-20 20:39:58,34.7824,48.1185,84.15,16,0,1.74
515,Visby,SE,2022-07-20 20:38:50,57.6409,18.296,66.81,77,11,8.05
516,Novikovo,RU,2022-07-20 20:39:59,51.1537,37.8879,55.72,95,46,11.1
517,Nauta,PE,2022-07-20 20:39:59,-4.5061,-73.5757,76.96,95,98,3.91
518,Coahuayana,MX,2022-07-20 20:40:00,18.7333,-103.6833,94.5,51,55,7.29
519,Aksarka,RU,2022-07-20 20:40:00,66.5606,67.7975,56.57,69,100,7.7
520,Pirapo,PY,2022-07-20 20:40:01,-26.85,-55.5333,73.18,78,2,4.07
521,Harper,LR,2022-07-20 20:40:01,4.375,-7.7169,75.42,71,99,8.12
522,Witney,GB,2022-07-20 20:40:02,51.7836,-1.4854,66.42,85,0,4.61
523,Valdivia,CL,2022-07-20 20:40:02,-39.8142,-73.2459,48.29,95,100,3.62
524,Charters Towers,AU,2022-07-20 20:36:09,-20.1,146.2667,57.4,90,0,5.46
525,Linkoping,SE,2022-07-20 20:40:03,58.4109,15.6216,73.78,65,21,0.0
526,Panama City,PA,2022-07-20 20:40:03,8.9936,-79.5197,85.95,76,40,6.91
527,Lazaro Cardenas,MX,2022-07-20 20:40:04,17.9583,-102.2,86.9,70,6,10.54
528,Nanakuli,US,2022-07-20 20:40:04,21.3906,-158.1547,81.45,66,8,15.32
529,Boden,SE,2022-07-20 20:40:05,65.8252,21.6886,62.6,85,75,4.23
530,Liwonde,MW,2022-07-20 20:40:05,-15.0506,35.2035,67.1,59,62,3.65
531,Sorata,BO,2022-07-20 20:40:06,-15.7667,-68.6333,51.89,65,100,7.63
532,Paamiut,GL,2022-07-20 20:40:06,61.994,-49.6678,49.98,84,86,16.44
533,Labytnangi,RU,2022-07-20 20:40:07,66.6572,66.4183,59.5,58,100,5.99
534,Sorland,NO,2022-07-20 20:40:07,67.667,12.6934,53.46,86,98,20.76
535,Wajir,KE,2022-07-20 20:40:08,1.7471,40.0573,74.98,42,100,16.84
536,Kalmunai,LK,2022-07-20 20:40:08,7.4167,81.8167,79.81,84,98,5.5
537,Alekseyevka,RU,2022-07-20 20:40:09,50.6309,38.6903,57.7,93,100,11.21
